split,id,question,raw_prediction,cleaned_prediction,all_raw_predictions,all_cleaned_predictions,prediction,references,gold_context_retrieved,gold_context_rank,reciprocal_rank,retrieved_contexts,retrieval_scores,retrieval_top_score,retrieval_signal,faithfulness_signal,consistency_signal,retrieval_signal_raw,faithfulness_signal_raw,consistency_signal_raw,combined_confidence,exact_match,token_f1,decision
calibration,573173d8497a881900248f0c,What percentage of Egyptians polled support death penalty for those leaving Islam?,84%,84%,['84%'],['84%'],84%,['84%'],True,1.0,1.0,"['The Pew Forum on Religion & Public Life ranks Egypt as the fifth worst country in the world for religious freedom. The United States Commission on International Religious Freedom, a bipartisan independent agency of the US government, has placed Egypt on its watch list of countries that require close monitoring due to the nature and extent of violations of religious freedom engaged in or tolerated by the government. According to a 2010 Pew Global Attitudes survey, 84% of Egyptians polled supported the death penalty for those who leave Islam; 77% supported whippings and cutting off of hands for theft and robbery; and 82% support stoning a person who commits adultery.', ""Following the start of the Arab Spring in 2011, Gaddafi spoke out in favour of Tunisian President Zine El Abidine Ben Ali, then threatened by the Tunisian Revolution. He suggested that Tunisia's people would be satisfied if Ben Ali introduced a Jamahiriyah system there. Fearing domestic protest, Libya's government implemented preventative measures, reducing food prices, purging the army leadership of potential defectors and releasing several Islamist prisoners. They proved ineffective, and on 17 February 2011, major protests broke out against Gaddafi's government. Unlike Tunisia or Egypt, Libya was largely religiously homogenous and had no strong Islamist movement, but there was widespread dissatisfaction with the corruption and entrenched systems of patronage, while unemployment had reached around 30%."", ""Arab nationalists led by Egyptian President Gamal Abdel Nasser refused to recognize Israel, and called for its destruction. By 1966, Israeli-Arab relations had deteriorated to the point of actual battles taking place between Israeli and Arab forces. In May 1967, Egypt massed its army near the border with Israel, expelled UN peacekeepers, stationed in the Sinai Peninsula since 1957, and blocked Israel's access to the Red Sea[citation needed]. Other Arab states mobilized their forces. Israel reiterated that these actions were a casus belli. On 5 June 1967, Israel launched a pre-emptive strike against Egypt. Jordan, Syria and Iraq responded and attacked Israel. In a Six-Day War, Israel defeated Jordan and captured the West Bank, defeated Egypt and captured the Gaza Strip and Sinai Peninsula, and defeated Syria and captured the Golan Heights. Jerusalem's boundaries were enlarged, incorporating East Jerusalem, and the 1949 Green Line became the administrative boundary between Israel and the occupied territories.""]","[0.6460009813308716, 0.3223349153995514, 0.21690046787261963]",0.6460009813308716,0.8230004906654358,0.5223997719585896,,0.6460009813308716,0.04479954391717911,,0.6576700953766704,1.0,1.0,escalate
calibration,57277e815951b619008f8b52,Ann Arbor ranks 1st among what goods sold?,books,books,['books'],['books'],books,['books'],True,1.0,1.0,"['The Ann Arbor Hands-On Museum is located in a renovated and expanded historic downtown fire station. Multiple art galleries exist in the city, notably in the downtown area and around the University of Michigan campus. Aside from a large restaurant scene in the Main Street, South State Street, and South University Avenue areas, Ann Arbor ranks first among U.S. cities in the number of booksellers and books sold per capita. The Ann Arbor District Library maintains four branch outlets in addition to its main downtown building. The city is also home to the Gerald R. Ford Presidential Library.', 'Tucson was probably first visited by Paleo-Indians, known to have been in southern Arizona about 12,000 years ago. Recent archaeological excavations near the Santa Cruz River have located a village site dating from 2100 BC.[citation needed] The floodplain of the Santa Cruz River was extensively farmed during the Early Agricultural period, circa 1200 BC to AD 150. These people constructed irrigation canals and grew corn, beans, and other crops while gathering wild plants and hunting. The Early Ceramic period occupation of Tucson saw the first extensive use of pottery vessels for cooking and storage. The groups designated as the Hohokam lived in the area from AD 600 to 1450 and are known for their vast irrigation canal systems and their red-on-brown pottery.[citation needed]', 'Private schooling in the United States has been debated by educators, lawmakers and parents, since the beginnings of compulsory education in Massachusetts in 1852. The Supreme Court precedent appears to favor educational choice, so long as states may set standards for educational accomplishment. Some of the most relevant Supreme Court case law on this is as follows: Runyon v. McCrary, 427 U.S. 160 (1976); Wisconsin v. Yoder, 406 U.S. 205 (1972); Pierce v. Society of Sisters, 268 U.S. 510 (1925); Meyer v. Nebraska, 262 U.S. 390 (1923).']","[0.43338635563850403, 0.22406582534313202, 0.22194524109363556]",0.43338635563850403,0.716693177819252,0.5608174130320549,,0.43338635563850403,0.1216348260641098,,0.6309615071862936,1.0,1.0,escalate
calibration,5727e2483acd2414000deef0,"In developing countries, who makes most of the spending decisions?",executive,executive,['executive'],['executive'],executive,['the executive'],True,1.0,1.0,"['One important aspect of the rule-of-law initiatives is the study and analysis of the rule of law’s impact on economic development. The rule-of-law movement cannot be fully successful in transitional and developing countries without an answer to the question: does the rule of law matter for economic development or not? Constitutional economics is the study of the compatibility of economic and financial decisions within existing constitutional law frameworks, and such a framework includes government spending on the judiciary, which, in many transitional and developing countries, is completely controlled by the executive. It is useful to distinguish between the two methods of corruption of the judiciary: corruption by the executive branch, in contrast to corruption by private actors.', ""Punjab's geography mostly consists of the alluvial plain of the Indus River and its four major tributaries in Pakistan, the Jhelum, Chenab, Ravi, and Sutlej rivers. There are several mountainous regions, including the Sulaiman Mountains in the southwest part of the province, and Margalla Hills, Salt Range, and Pothohar Plateau in the north. Agriculture is the chief source of income and employment in Punjab; wheat and cotton are the principal crops. Since independence, Punjab has become the seat of political and economic power; it remains the most industrialised province of Pakistan. It counts for 39.2% of large scale manufacturing and 70% of small scale manufacturing in the country. Its capital Lahore is a major regional cultural, historical, and economic centre."", 'In India, private schools are called independent schools, but since some private schools receive financial aid from the government, it can be an aided or an unaided school. So, in a strict sense, a private school is an unaided independent school. For the purpose of this definition, only receipt of financial aid is considered, not land purchased from the government at a subsidized rate. It is within the power of both the union government and the state governments to govern schools since Education appears in the Concurrent list of legislative subjects in the constitution. The practice has been for the union government to provide the broad policy directions while the states create their own rules and regulations for the administration of the sector. Among other things, this has also resulted in 30 different Examination Boards or academic authorities that conduct examinations for school leaving certificates. Prominent Examination Boards that are present in multiple states are the CBSE and the CISCE, NENBSE']","[0.3799929916858673, 0.26584696769714355, 0.233798086643219]",0.3799929916858673,0.6899964958429337,0.5408023148775101,,0.3799929916858673,0.08160462975502014,,0.6079396963119508,1.0,1.0,escalate
calibration,5728f5716aef0514001548cc,Who impressed Xavier by taking notes in church?,Francis,Francis,['Francis'],['Francis'],Francis,['Anjiro'],True,1.0,1.0,"['In December 1547, Francis was in Malacca (Malaysia) waiting to return to Goa (India) when he met a low-ranked samurai named Anjiro (possibly spelled ""Yajiro""). Anjiro was not an intellectual, but he impressed Xavier because he took careful notes of everything he said in church. Xavier made the decision to go to Japan in part because this low-ranking samurai convinced him in Portuguese that the Japanese people were highly educated and eager to learn. They were hard workers and respectful of authority. In their laws and customs they were led by reason, and, should the Christian faith convince them of its truth, they would accept it en masse.', ""The English concentrated on the spirit of the events of Christ's life, not the literality of events. They neither expected nor sought the appearance of the stigmata or any other physical manifestation. They wanted to create in themselves that environment that allowed Jesus to fulfill His divine mission, insofar as they were able. At the center of this environment was love: the love that Christ showed for humanity in becoming human. Christ's love reveals the mercy of God and His care for His creation. English Dominican mystics sought through this love to become images of God. Love led to spiritual growth that, in turn, reflected an increase in love for God and humanity. This increase in universal love allowed men's wills to conform to God's will, just as Christ's will submitted to the Father's will."", 'Because of his stammer, Albert dreaded public speaking. After his closing speech at the British Empire Exhibition at Wembley on 31 October 1925, one which was an ordeal for both him and his listeners, he began to see Lionel Logue, an Australian-born speech therapist. The Duke and Logue practised breathing exercises, and the Duchess rehearsed with him patiently. Subsequently, he was able to speak with less hesitation. With his delivery improved, the Duke opened the new Parliament House in Canberra, Australia, during a tour of the empire in 1927. His journey by sea to Australia, New Zealand and Fiji took him via Jamaica, where Albert played doubles tennis partnered with a black man, which was unusual at the time and taken locally as a display of equality between races.']","[0.5183752775192261, 0.271696001291275, 0.19624444842338562]",0.5183752775192261,0.759187638759613,0.602536991238594,,0.5183752775192261,0.2050739824771881,,0.6730297826230527,0.0,0.0,flag
calibration,572826002ca10214002d9f16,What represents elements of the fundamental group?,loops,loops,['loops'],['loops'],loops,['loops'],True,1.0,1.0,"['Groups are also applied in many other mathematical areas. Mathematical objects are often examined by associating groups to them and studying the properties of the corresponding groups. For example, Henri Poincaré founded what is now called algebraic topology by introducing the fundamental group. By means of this connection, topological properties such as proximity and continuity translate into properties of groups.i[›] For example, elements of the fundamental group are represented by loops. The second image at the right shows some loops in a plane minus a point. The blue loop is considered null-homotopic (and thus irrelevant), because it can be continuously shrunk to a point. The presence of the hole prevents the orange loop from being shrunk to a point. The fundamental group of the plane with a point deleted turns out to be infinite cyclic, generated by the orange loop (or any other loop winding once around the hole). This way, the fundamental group detects the hole.', ""The chloroplast membranes sometimes protrude out into the cytoplasm, forming a stromule, or stroma-containing tubule. Stromules are very rare in chloroplasts, and are much more common in other plastids like chromoplasts and amyloplasts in petals and roots, respectively. They may exist to increase the chloroplast's surface area for cross-membrane transport, because they are often branched and tangled with the endoplasmic reticulum. When they were first observed in 1962, some plant biologists dismissed the structures as artifactual, claiming that stromules were just oddly shaped chloroplasts with constricted regions or dividing chloroplasts. However, there is a growing body of evidence that stromules are functional, integral features of plant cell plastids, not merely artifacts."", ""The Supervisory Board meets twice a month to discuss, plan and carry out the ECB’s supervisory tasks. It proposes draft decisions to the Governing Council under the non-objection procedure. It is composed of Chair (appointed for a non-renewable term of five years), Vice-Chair (chosen from among the members of the ECB's Executive Board) four ECB representatives and representatives of national supervisors. If the national supervisory authority designated by a Member State is not a national central bank (NCB), the representative of the competent authority can be accompanied by a representative from their NCB. In such cases, the representatives are together considered as one member for the purposes of the voting procedure.""]","[0.5505719184875488, 0.24618206918239594, 0.16179774701595306]",0.5505719184875488,0.7752859592437744,0.6585812866687775,,0.5505719184875488,0.31716257333755493,,0.7110983893275261,1.0,1.0,flag
calibration,572692f4f1498d1400e8e437,What is the population of the Commonwealth?,around 2.2 billion,around 2.2 billion,['around 2.2 billion'],['around 2.2 billion'],around 2.2 billion,['2.2 billion'],True,1.0,1.0,"['Most former British colonies and protectorates are among the 53 member states of the Commonwealth of Nations, a non-political, voluntary association of equal members, comprising a population of around 2.2 billion people. Sixteen Commonwealth realms voluntarily continue to share the British monarch, Queen Elizabeth II, as their head of state. These sixteen nations are distinct and equal legal entities – the United Kingdom, Australia, Canada, New Zealand, Papua New Guinea, Antigua and Barbuda, The Bahamas, Barbados, Belize, Grenada, Jamaica, Saint Kitts and Nevis, Saint Lucia, Saint Vincent and the Grenadines, Solomon Islands and Tuvalu.', 'Following the defeat of Japan in the Second World War, anti-Japanese resistance movements in Malaya turned their attention towards the British, who had moved to quickly retake control of the colony, valuing it as a source of rubber and tin. The fact that the guerrillas were primarily Malayan-Chinese Communists meant that the British attempt to quell the uprising was supported by the Muslim Malay majority, on the understanding that once the insurgency had been quelled, independence would be granted. The Malayan Emergency, as it was called, began in 1948 and lasted until 1960, but by 1957, Britain felt confident enough to grant independence to the Federation of Malaya within the Commonwealth. In 1963, the 11 states of the federation together with Singapore, Sarawak and North Borneo joined to form Malaysia, but in 1965 Chinese-majority Singapore was expelled from the union following tensions between the Malay and Chinese populations. Brunei, which had been a British protectorate since 1888, declined to join the union and maintained its status until independence in 1984.', 'Because of his stammer, Albert dreaded public speaking. After his closing speech at the British Empire Exhibition at Wembley on 31 October 1925, one which was an ordeal for both him and his listeners, he began to see Lionel Logue, an Australian-born speech therapist. The Duke and Logue practised breathing exercises, and the Duchess rehearsed with him patiently. Subsequently, he was able to speak with less hesitation. With his delivery improved, the Duke opened the new Parliament House in Canberra, Australia, during a tour of the empire in 1927. His journey by sea to Australia, New Zealand and Fiji took him via Jamaica, where Albert played doubles tennis partnered with a black man, which was unusual at the time and taken locally as a display of equality between races.']","[0.6327029466629028, 0.3462846875190735, 0.2724640369415283]",0.6327029466629028,0.8163514733314514,0.5422115474939346,,0.6327029466629028,0.08442309498786926,,0.6655745141208171,0.0,0.8,flag
calibration,57324e38e17f3d1400422823,What was Eisenhower's title after Germany's surrender?,Military Governor of the U.S. Occupation Zone,Military Governor of the U.S. Occupation Zone,['Military Governor of the U.S. Occupation Zone'],['Military Governor of the U.S. Occupation Zone'],Military Governor of the U.S. Occupation Zone,['Military Governor of the U.S. Occupation Zone'],True,1.0,1.0,"['Following the German unconditional surrender, Eisenhower was appointed Military Governor of the U.S. Occupation Zone, based at the IG Farben Building in Frankfurt am Main. He had no responsibility for the other three zones, controlled by Britain, France and the Soviet Union, except for the city of Berlin, which was managed by the Four-Power Authorities through the Allied Kommandatura as the governing body. Upon discovery of the Nazi concentration camps, he ordered camera crews to document evidence of the atrocities in them for use in the Nuremberg Trials. He reclassified German prisoners of war (POWs) in U.S. custody as Disarmed Enemy Forces (DEFs), who were no longer subject to the Geneva Convention. Eisenhower followed the orders laid down by the Joint Chiefs of Staff (JCS) in directive JCS 1067, but softened them by bringing in 400,000 tons of food for civilians and allowing more fraternization. In response to the devastation in Germany, including food shortages and an influx of refugees, he arranged distribution of American food and medical equipment. His actions reflected the new American attitudes of the German people as Nazi victims not villains, while aggressively purging the ex-Nazis.', 'The Allies offered peace terms in the Frankfurt proposals in November 1813. Napoleon would remain as Emperor of France, but it would be reduced to its ""natural frontiers."" That meant that France could retain control of Belgium, Savoy and the Rhineland (the west bank of the Rhine River), while giving up control of all the rest, including all of Spain and the Netherlands, and most of Italy and Germany. Metternich told Napoleon these were the best terms the Allies were likely to offer; after further victories, the terms would be harsher and harsher. Metternich\'s motivation was to maintain France as a balance against Russian threats, while ending the highly destabilizing series of wars.', 'In the 1950s, the Ethiopian feudal administration under Emperor Haile Selassie sought to annex Eritrea and Italian Somaliland. He laid claim to both territories in a letter to Franklin D. Roosevelt at the Paris Peace Conference and at the First Session of the United Nations. In the United Nations, the debate over the fate of the former Italian colonies continued. The British and Americans preferred to cede all of Eritrea except the Western province to the Ethiopians as a reward for their support during World War II. The Independence Bloc of Eritrean parties consistently requested from the UN General Assembly that a referendum be held immediately to settle the Eritrean question of sovereignty.']","[0.4274912178516388, 0.35777103900909424, 0.29793402552604675]",0.4274912178516388,0.7137456089258194,0.7071581482887268,,0.4274912178516388,0.4143162965774536,,0.7101225055754186,1.0,1.0,flag
calibration,56f8fa3c9b226e1400dd1212,These regions were occupied by who?,The brown men,The brown men,['The brown men'],['The brown men'],The brown men,['the brown men'],True,1.0,1.0,"['These regions were occupied by ""the brown men,"" with the yellow in the Far East and the black in Africa. The color issue was not settled until Kenya became independent in 1963, ending the last vestige of the British Empire.', ""Arab nationalists led by Egyptian President Gamal Abdel Nasser refused to recognize Israel, and called for its destruction. By 1966, Israeli-Arab relations had deteriorated to the point of actual battles taking place between Israeli and Arab forces. In May 1967, Egypt massed its army near the border with Israel, expelled UN peacekeepers, stationed in the Sinai Peninsula since 1957, and blocked Israel's access to the Red Sea[citation needed]. Other Arab states mobilized their forces. Israel reiterated that these actions were a casus belli. On 5 June 1967, Israel launched a pre-emptive strike against Egypt. Jordan, Syria and Iraq responded and attacked Israel. In a Six-Day War, Israel defeated Jordan and captured the West Bank, defeated Egypt and captured the Gaza Strip and Sinai Peninsula, and defeated Syria and captured the Golan Heights. Jerusalem's boundaries were enlarged, incorporating East Jerusalem, and the 1949 Green Line became the administrative boundary between Israel and the occupied territories."", ""In Arabia, Bahrain, which was referred to by the Greeks as Tylos, the centre of pearl trading, when Nearchus came to discover it serving under Alexander the Great. The Greek admiral Nearchus is believed to have been the first of Alexander's commanders to visit these islands. It is not known whether Bahrain was part of the Seleucid Empire, although the archaeological site at Qalat Al Bahrain has been proposed as a Seleucid base in the Persian Gulf. Alexander had planned to settle the eastern shores of the Persian Gulf with Greek colonists, and although it is not clear that this happened on the scale he envisaged, Tylos was very much part of the Hellenised world: the language of the upper classes was Greek (although Aramaic was in everyday use), while Zeus was worshipped in the form of the Arabian sun-god Shams. Tylos even became the site of Greek athletic contests.""]","[0.5082368850708008, 0.3370976150035858, 0.32667818665504456]",0.5082368850708008,0.7541184425354004,0.5832959413528442,,0.5082368850708008,0.16659188270568848,,0.6601660668849946,1.0,1.0,escalate
calibration,57342ac5d058e614000b6a8a,What could be done by understanding how the disease was transmitted?,developing hypotheses as to the route of transmission of the virus,developing hypotheses as to the route of transmission of the virus,['developing hypotheses as to the route of transmission of the virus'],['developing hypotheses as to the route of transmission of the virus'],developing hypotheses as to the route of transmission of the virus,['resources could be targeted to the communities at greatest risk'],True,1.0,1.0,"['There is usually an indication for a specific identification of an infectious agent only when such identification can aid in the treatment or prevention of the disease, or to advance knowledge of the course of an illness prior to the development of effective therapeutic or preventative measures. For example, in the early 1980s, prior to the appearance of AZT for the treatment of AIDS, the course of the disease was closely followed by monitoring the composition of patient blood samples, even though the outcome would not offer the patient any further treatment options. In part, these studies on the appearance of HIV in specific communities permitted the advancement of hypotheses as to the route of transmission of the virus. By understanding how the disease was transmitted, resources could be targeted to the communities at greatest risk in campaigns aimed at reducing the number of new infections. The specific serological diagnostic identification, and later genotypic or molecular identification, of HIV also enabled the development of hypotheses as to the temporal and geographical origins of the virus, as well as a myriad of other hypothesis. The development of molecular diagnostic tools have enabled physicians and researchers to monitor the efficacy of treatment with anti-retroviral drugs. Molecular diagnostics are now commonly used to identify HIV in healthy people long before the onset of illness and have been used to demonstrate the existence of people who are genetically resistant to HIV infection. Thus, while there still is no cure for AIDS, there is great therapeutic and predictive benefit to identifying the virus and monitoring the virus levels within the blood of infected individuals, both for the patient and for the community at large.', 'Although unpleasantness is an essential part of the IASP definition of pain, it is possible to induce a state described as intense pain devoid of unpleasantness in some patients, with morphine injection or psychosurgery. Such patients report that they have pain but are not bothered by it; they recognize the sensation of pain but suffer little, or not at all. Indifference to pain can also rarely be present from birth; these people have normal nerves on medical investigations, and find pain unpleasant, but do not avoid repetition of the pain stimulus.', 'In 2003, the ICZN ruled in its Opinion 2027 that if wild animals and their domesticated derivatives are regarded as one species, then the scientific name of that species is the scientific name of the wild animal. In 2005, the third edition of Mammal Species of the World upheld Opinion 2027 with the name Lupus and the note: ""Includes the domestic dog as a subspecies, with the dingo provisionally separate - artificial variants created by domestication and selective breeding"". However, Canis familiaris is sometimes used due to an ongoing nomenclature debate because wild and domestic animals are separately recognizable entities and that the ICZN allowed users a choice as to which name they could use, and a number of internationally recognized researchers prefer to use Canis familiaris.']","[0.48901405930519104, 0.15421338379383087, 0.14278817176818848]",0.48901405930519104,0.7445070296525955,0.7425597012042999,,0.48901405930519104,0.48511940240859985,,0.743435999006033,0.0,0.1111111111111111,flag
calibration,5729a5f51d046914007795a5,What kind of ants are symbolic among the Australian Aborigines?,honey ants,honey ants,['honey ants'],['honey ants'],honey ants,['honey ants'],True,1.0,1.0,"[""Scarab beetles held religious and cultural symbolism in Old Egypt, Greece and some shamanistic Old World cultures. The ancient Chinese regarded cicadas as symbols of rebirth or immortality. In Mesopotamian literature, the epic poem of Gilgamesh has allusions to Odonata which signify the impossibility of immortality. Amongst the Aborigines of Australia of the Arrernte language groups, honey ants and witchety grubs served as personal clan totems. In the case of the 'San' bush-men of the Kalahari, it is the praying mantis which holds much cultural significance including creation and zen-like patience in waiting.:9"", 'Some insects display a rudimentary sense of numbers, such as the solitary wasps that prey upon a single species. The mother wasp lays her eggs in individual cells and provides each egg with a number of live caterpillars on which the young feed when hatched. Some species of wasp always provide five, others twelve, and others as high as twenty-four caterpillars per cell. The number of caterpillars is different among species, but always the same for each sex of larva. The male solitary wasp in the genus Eumenes is smaller than the female, so the mother of one species supplies him with only five caterpillars; the larger female receives ten caterpillars in her cell.', ""The PLP, the party in government when the decision to join CARICOM was made, has been dominated for decades by West Indians and their descendants. (The prominent roles of West Indians among Bermuda's black politicians and labour activists predated party politics in Bermuda, as exemplified by Dr. E. F. Gordon). The late PLP leader, Dame Lois Browne-Evans, and her Trinidadian-born husband, John Evans (who co-founded the West Indian Association of Bermuda in 1976), were prominent members of this group. They have emphasised Bermuda's cultural connections with the West Indies. Many Bermudians, both black and white, who lack family connections to the West Indies have objected to this emphasis.""]","[0.46081894636154175, 0.28648531436920166, 0.26086121797561646]",0.46081894636154175,0.7304094731807709,0.7299177944660187,,0.46081894636154175,0.45983558893203735,,0.7301390498876572,1.0,1.0,flag
calibration,57270aeaf1498d1400e8f27f,Who blew up the HMS Jasper?,HMS Jasper,HMS Jasper,['HMS Jasper'],['HMS Jasper'],HMS Jasper,['The Cossacks'],True,1.0,1.0,"['In July 1855, the allied squadron tried to go past Taganrog to Rostov on Don, entering the Don River through the Mius River. On 12 July 1855 HMS Jasper grounded near Taganrog thanks to a fisherman who moved buoys into shallow water. The Cossacks captured the gunboat with all of its guns and blew it up. The third siege attempt was made 19–31 August 1855, but the city was already fortified and the squadron could not approach close enough for landing operations. The allied fleet left the Gulf of Taganrog on the 2nd September 1855, with minor military operations along the Azov Sea coast continuing until late autumn 1855.', 'Hard-fought battles on the Japanese home islands of Iwo Jima, Okinawa, and others resulted in horrific casualties on both sides but finally produced a Japanese defeat. Of the 117,000 Japanese troops defending Okinawa, 94 percent died. Faced with the loss of most of their experienced pilots, the Japanese increased their use of kamikaze tactics in an attempt to create unacceptably high casualties for the Allies. The U.S. Navy proposed to force a Japanese surrender through a total naval blockade and air raids.', 'On April 15, 2013, two Chechen Islamist brothers exploded two bombs near the finish line of the Boston Marathon, killing three people and injuring roughly 264.']","[0.5416233539581299, 0.29278677701950073, 0.24903368949890137]",0.5416233539581299,0.7708116769790649,0.6866813600063324,,0.5416233539581299,0.3733627200126648,,0.724540002644062,0.0,0.0,flag
calibration,572a1bcf3f37b319004786dc,What pigment was made by soaking copper plates in fermenting wine?,verdigris,verdigris,['verdigris'],['verdigris'],verdigris,['verdigris'],True,1.0,1.0,"['The Romans had a greater appreciation for the color green; it was the color of Venus, the goddess of gardens, vegetables and vineyards.The Romans made a fine green earth pigment, which was widely used in the wall paintings of Pompeii, Herculaneum, Lyon, Vaison-la-Romaine, and other Roman cities. They also used the pigment verdigris, made by soaking copper plates in fermenting wine. By the Second Century AD, the Romans were using green in paintings, mosaics and glass, and there were ten different words in Latin for varieties of green.', ""The use of uranium in its natural oxide form dates back to at least the year 79 CE, when it was used to add a yellow color to ceramic glazes. Yellow glass with 1% uranium oxide was found in a Roman villa on Cape Posillipo in the Bay of Naples, Italy, by R. T. Gunther of the University of Oxford in 1912. Starting in the late Middle Ages, pitchblende was extracted from the Habsburg silver mines in Joachimsthal, Bohemia (now Jáchymov in the Czech Republic), and was used as a coloring agent in the local glassmaking industry. In the early 19th century, the world's only known sources of uranium ore were these mines."", ""Copper is synthesized in massive stars and is present in the Earth's crust at a concentration of about 50 parts per million (ppm), where it occurs as native copper or in minerals such as the copper sulfides chalcopyrite and chalcocite, the copper carbonates azurite and malachite, and the copper(I) oxide mineral cuprite. The largest mass of elemental copper discovered weighed 420 tonnes and was found in 1857 on the Keweenaw Peninsula in Michigan, US. Native copper is a polycrystal, with the largest described single crystal measuring 4.4×3.2×3.2 cm.""]","[0.5547966361045837, 0.38785114884376526, 0.32651054859161377]",0.5547966361045837,0.7773983180522919,0.571081280708313,,0.5547966361045837,0.14216256141662598,,0.6639239475131036,1.0,1.0,flag
test,572759665951b619008f8884,In what year did Massachusetts first require children to be educated in schools?,1852,1852,['1852'],['1852'],1852,"['1852', '1852', '1852']",True,1.0,1.0,"['Private schooling in the United States has been debated by educators, lawmakers and parents, since the beginnings of compulsory education in Massachusetts in 1852. The Supreme Court precedent appears to favor educational choice, so long as states may set standards for educational accomplishment. Some of the most relevant Supreme Court case law on this is as follows: Runyon v. McCrary, 427 U.S. 160 (1976); Wisconsin v. Yoder, 406 U.S. 205 (1972); Pierce v. Society of Sisters, 268 U.S. 510 (1925); Meyer v. Nebraska, 262 U.S. 390 (1923).', ""In the 1890s, the University of Chicago, fearful that its vast resources would injure smaller schools by drawing away good students, affiliated with several regional colleges and universities: Des Moines College, Kalamazoo College, Butler University, and Stetson University. In 1896, the university affiliated with Shimer College in Mount Carroll, Illinois. Under the terms of the affiliation, the schools were required to have courses of study comparable to those at the university, to notify the university early of any contemplated faculty appointments or dismissals, to make no faculty appointment without the university's approval, and to send copies of examinations for suggestions. The University of Chicago agreed to confer a degree on any graduating senior from an affiliated school who made a grade of A for all four years, and on any other graduate who took twelve weeks additional study at the University of Chicago. A student or faculty member of an affiliated school was entitled to free tuition at the University of Chicago, and Chicago students were eligible to attend an affiliated school on the same terms and receive credit for their work. The University of Chicago also agreed to provide affiliated schools with books and scientific apparatus and supplies at cost; special instructors and lecturers without cost except travel expenses; and a copy of every book and journal published by the University of Chicago Press at no cost. The agreement provided that either party could terminate the affiliation on proper notice. Several University of Chicago professors disliked the program, as it involved uncompensated additional labor on their part, and they believed it cheapened the academic reputation of the university. The program passed into history by 1910."", ""The New York City Public Schools system, managed by the New York City Department of Education, is the largest public school system in the United States, serving about 1.1 million students in more than 1,700 separate primary and secondary schools. The city's public school system includes nine specialized high schools to serve academically and artistically gifted students.""]","[0.6323540210723877, 0.35305386781692505, 0.3244244158267975]",0.6323540210723877,0.8161770105361938,0.6221834495663643,,0.6323540210723877,0.24436689913272858,,0.7094805520027876,1.0,1.0,flag
test,57296de03f37b3190047839e,When were stromules discovered?,1962,1962,['1962'],['1962'],1962,"['1962', '1962', '1962']",True,1.0,1.0,"[""The chloroplast membranes sometimes protrude out into the cytoplasm, forming a stromule, or stroma-containing tubule. Stromules are very rare in chloroplasts, and are much more common in other plastids like chromoplasts and amyloplasts in petals and roots, respectively. They may exist to increase the chloroplast's surface area for cross-membrane transport, because they are often branched and tangled with the endoplasmic reticulum. When they were first observed in 1962, some plant biologists dismissed the structures as artifactual, claiming that stromules were just oddly shaped chloroplasts with constricted regions or dividing chloroplasts. However, there is a growing body of evidence that stromules are functional, integral features of plant cell plastids, not merely artifacts."", 'There is usually an indication for a specific identification of an infectious agent only when such identification can aid in the treatment or prevention of the disease, or to advance knowledge of the course of an illness prior to the development of effective therapeutic or preventative measures. For example, in the early 1980s, prior to the appearance of AZT for the treatment of AIDS, the course of the disease was closely followed by monitoring the composition of patient blood samples, even though the outcome would not offer the patient any further treatment options. In part, these studies on the appearance of HIV in specific communities permitted the advancement of hypotheses as to the route of transmission of the virus. By understanding how the disease was transmitted, resources could be targeted to the communities at greatest risk in campaigns aimed at reducing the number of new infections. The specific serological diagnostic identification, and later genotypic or molecular identification, of HIV also enabled the development of hypotheses as to the temporal and geographical origins of the virus, as well as a myriad of other hypothesis. The development of molecular diagnostic tools have enabled physicians and researchers to monitor the efficacy of treatment with anti-retroviral drugs. Molecular diagnostics are now commonly used to identify HIV in healthy people long before the onset of illness and have been used to demonstrate the existence of people who are genetically resistant to HIV infection. Thus, while there still is no cure for AIDS, there is great therapeutic and predictive benefit to identifying the virus and monitoring the virus levels within the blood of infected individuals, both for the patient and for the community at large.', ""Copper is synthesized in massive stars and is present in the Earth's crust at a concentration of about 50 parts per million (ppm), where it occurs as native copper or in minerals such as the copper sulfides chalcopyrite and chalcocite, the copper carbonates azurite and malachite, and the copper(I) oxide mineral cuprite. The largest mass of elemental copper discovered weighed 420 tonnes and was found in 1857 on the Keweenaw Peninsula in Michigan, US. Native copper is a polycrystal, with the largest described single crystal measuring 4.4×3.2×3.2 cm.""]","[0.49045637249946594, 0.23010577261447906, 0.22991524636745453]",0.49045637249946594,0.745228186249733,0.4745479002594948,,0.49045637249946594,-0.05090419948101044,,0.596354028955102,1.0,1.0,escalate
test,5726d4a45951b619008f7f6c,Which artist who had a major influence on the Gothic Revival is represented in the V&A's British galleries?,Gian Lorenzo Bernini,Gian Lorenzo Bernini,['Gian Lorenzo Bernini'],['Gian Lorenzo Bernini'],Gian Lorenzo Bernini,"['Horace Walpole', 'Horace Walpole', 'Horace Walpole']",True,1.0,1.0,"['Not only the work of British artists and craftspeople is on display, but also work produced by European artists that was purchased or commissioned by British patrons, as well as imports from Asia, including porcelain, cloth and wallpaper. Designers and artists whose work is on display in the galleries include Gian Lorenzo Bernini, Grinling Gibbons, Daniel Marot, Louis Laguerre, Antonio Verrio, Sir James Thornhill, William Kent, Robert Adam, Josiah Wedgwood, Matthew Boulton, Canova, Thomas Chippendale, Pugin, William Morris. Patrons who have influenced taste are also represented by works of art from their collections, these include: Horace Walpole (a major influence on the Gothic Revival), William Thomas Beckford and Thomas Hope.', 'The British Architectural Library, sometimes referred to as the RIBA Library, was established in 1834 upon the founding of the institute with donations from members. Now, with over four million items, it is one of the three largest architectural libraries in the world and the largest in Europe. Some items from the collections are on permanent display at the Victoria and Albert Museum (V&A) in the V&A + RIBA Architecture Gallery and included in temporary exhibitions at the RIBA and across Europe and North America. Its collections include:', 'In the early decades of the twentieth century when there was a growing nostalgia for its sense of order, the style was revived and adapted and in the United States came to be known as the Colonial Revival. In Canada the United Empire Loyalists embraced Georgian architecture as a sign of their fealty to Britain, and the Georgian style was dominant in the country for most of the first half of the 19th century. The Grange, for example, a manor built in Toronto, was built in 1817. In Montreal, English born architect John Ostell worked on a significant number of remarkable constructions in the Georgian style such as the Old Montreal Custom House and the Grand séminaire de Montréal.']","[0.6335610747337341, 0.32271766662597656, 0.3198162317276001]",0.6335610747337341,0.8167805373668671,0.5126189393922687,,0.6335610747337341,0.025237878784537315,,0.6494916584808379,0.0,0.0,escalate
test,572843304b864d1900164848,"In 1890, who did the university decide to team up with?",Des Moines College,Des Moines College,['Des Moines College'],['Des Moines College'],Des Moines College,"['several regional colleges and universities', 'Des Moines College, Kalamazoo College, Butler University, and Stetson University', 'Des Moines College, Kalamazoo College, Butler University, and Stetson University', 'Des Moines College, Kalamazoo College, Butler University, and Stetson University']",True,1.0,1.0,"[""In the 1890s, the University of Chicago, fearful that its vast resources would injure smaller schools by drawing away good students, affiliated with several regional colleges and universities: Des Moines College, Kalamazoo College, Butler University, and Stetson University. In 1896, the university affiliated with Shimer College in Mount Carroll, Illinois. Under the terms of the affiliation, the schools were required to have courses of study comparable to those at the university, to notify the university early of any contemplated faculty appointments or dismissals, to make no faculty appointment without the university's approval, and to send copies of examinations for suggestions. The University of Chicago agreed to confer a degree on any graduating senior from an affiliated school who made a grade of A for all four years, and on any other graduate who took twelve weeks additional study at the University of Chicago. A student or faculty member of an affiliated school was entitled to free tuition at the University of Chicago, and Chicago students were eligible to attend an affiliated school on the same terms and receive credit for their work. The University of Chicago also agreed to provide affiliated schools with books and scientific apparatus and supplies at cost; special instructors and lecturers without cost except travel expenses; and a copy of every book and journal published by the University of Chicago Press at no cost. The agreement provided that either party could terminate the affiliation on proper notice. Several University of Chicago professors disliked the program, as it involved uncompensated additional labor on their part, and they believed it cheapened the academic reputation of the university. The program passed into history by 1910."", 'Private schooling in the United States has been debated by educators, lawmakers and parents, since the beginnings of compulsory education in Massachusetts in 1852. The Supreme Court precedent appears to favor educational choice, so long as states may set standards for educational accomplishment. Some of the most relevant Supreme Court case law on this is as follows: Runyon v. McCrary, 427 U.S. 160 (1976); Wisconsin v. Yoder, 406 U.S. 205 (1972); Pierce v. Society of Sisters, 268 U.S. 510 (1925); Meyer v. Nebraska, 262 U.S. 390 (1923).', 'The first polytechnic in Hong Kong is The Hong Kong Polytechnic, established in 1972 through upgrading the Hong Kong Technical College (Government Trade School before 1947). The second polytechnic, the City Polytechnic of Hong Kong, was founded in 1984. These polytechnics awards diplomas, higher diplomas, as well as academic degrees. Like the United Kingdom, the two polytechnics were granted university status in 1994, and renamed The Hong Kong Polytechnic University and the City University of Hong Kong respectively. The Hong Kong University of Science and Technology, a university with a focus in applied science, engineering and business, was founded in 1991.']","[0.46260106563568115, 0.2769770622253418, 0.23609459400177002]",0.46260106563568115,0.7313005328178406,0.7377763986587524,,0.46260106563568115,0.4755527973175049,,0.7348622590303422,0.0,0.4615384615384615,flag
test,56d729180d65d21400198427,Who got a touchdown making the score 10-7?,Jonathan Stewart,Jonathan Stewart,['Jonathan Stewart'],['Jonathan Stewart'],Jonathan Stewart,"['Jonathan Stewart', 'Jonathan Stewart', 'Stewart']",True,1.0,1.0,"[""After a punt from both teams, Carolina got on track with a 9-play, 73-yard scoring drive. Newton completed 4 of 4 passes for 51 yards and rushed twice for 25 yards, while Jonathan Stewart finished the drive with a 1-yard touchdown run, cutting the score to 10–7 with 11:28 left in the second quarter. Later on, Broncos receiver Jordan Norwood received Brad Nortman's short 28-yard punt surrounded by Panthers players, but none of them attempted to make a tackle, apparently thinking Norwood had called a fair catch. Norwood had not done so, and with no resistance around him, he took off for a Super Bowl record 61-yard return before Mario Addison dragged him down on the Panthers 14-yard line. Despite Denver's excellent field position, they could not get the ball into the end zone, so McManus kicked a 33-yard field goal that increased their lead to 13–7."", 'CBS broadcast Super Bowl 50 in the U.S., and charged an average of $5 million for a 30-second commercial during the game. The Super Bowl 50 halftime show was headlined by the British rock group Coldplay with special guest performers Beyoncé and Bruno Mars, who headlined the Super Bowl XLVII and Super Bowl XLVIII halftime shows, respectively. It was the third-most watched U.S. broadcast ever.', ""Arab nationalists led by Egyptian President Gamal Abdel Nasser refused to recognize Israel, and called for its destruction. By 1966, Israeli-Arab relations had deteriorated to the point of actual battles taking place between Israeli and Arab forces. In May 1967, Egypt massed its army near the border with Israel, expelled UN peacekeepers, stationed in the Sinai Peninsula since 1957, and blocked Israel's access to the Red Sea[citation needed]. Other Arab states mobilized their forces. Israel reiterated that these actions were a casus belli. On 5 June 1967, Israel launched a pre-emptive strike against Egypt. Jordan, Syria and Iraq responded and attacked Israel. In a Six-Day War, Israel defeated Jordan and captured the West Bank, defeated Egypt and captured the Gaza Strip and Sinai Peninsula, and defeated Syria and captured the Golan Heights. Jerusalem's boundaries were enlarged, incorporating East Jerusalem, and the 1949 Green Line became the administrative boundary between Israel and the occupied territories.""]","[0.5474109649658203, 0.2875344455242157, 0.16689683496952057]",0.5474109649658203,0.7737054824829102,0.6071368083357811,,0.5474109649658203,0.2142736166715622,,0.6820927117019893,1.0,1.0,flag
test,57274beff1498d1400e8f5e6,How many Examination Boards exist in India?,30,30,['30'],['30'],30,"['30', '30', '30']",True,1.0,1.0,"['In India, private schools are called independent schools, but since some private schools receive financial aid from the government, it can be an aided or an unaided school. So, in a strict sense, a private school is an unaided independent school. For the purpose of this definition, only receipt of financial aid is considered, not land purchased from the government at a subsidized rate. It is within the power of both the union government and the state governments to govern schools since Education appears in the Concurrent list of legislative subjects in the constitution. The practice has been for the union government to provide the broad policy directions while the states create their own rules and regulations for the administration of the sector. Among other things, this has also resulted in 30 different Examination Boards or academic authorities that conduct examinations for school leaving certificates. Prominent Examination Boards that are present in multiple states are the CBSE and the CISCE, NENBSE', ""The Supervisory Board meets twice a month to discuss, plan and carry out the ECB’s supervisory tasks. It proposes draft decisions to the Governing Council under the non-objection procedure. It is composed of Chair (appointed for a non-renewable term of five years), Vice-Chair (chosen from among the members of the ECB's Executive Board) four ECB representatives and representatives of national supervisors. If the national supervisory authority designated by a Member State is not a national central bank (NCB), the representative of the competent authority can be accompanied by a representative from their NCB. In such cases, the representatives are together considered as one member for the purposes of the voting procedure."", ""The New York City Public Schools system, managed by the New York City Department of Education, is the largest public school system in the United States, serving about 1.1 million students in more than 1,700 separate primary and secondary schools. The city's public school system includes nine specialized high schools to serve academically and artistically gifted students.""]","[0.5560423135757446, 0.2809888422489166, 0.20582202076911926]",0.5560423135757446,0.7780211567878723,0.47421689331531525,,0.5560423135757446,-0.05156621336936951,,0.6109288118779659,1.0,1.0,escalate
test,57274d905951b619008f87e3,Who started rumors in 2008 that ABC would sell its ten owned-and-operated stations?,Caris & Co.,Caris & Co.,['Caris & Co.'],['Caris & Co.'],Caris & Co.,"['Caris & Co.', 'Caris & Co.', 'Caris & Co.']",True,1.0,1.0,"[""The Writers Guild of America strike that halted production of network programs for much of the 2007–08 season affected the network in 2007–08 and 2008–09, as various ABC shows that premiered in 2007, such as Dirty Sexy Money, Pushing Daisies, Eli Stone and Samantha Who?, did not live to see a third season; other series such as Boston Legal and the U.S. version of Life on Mars suffered from low viewership, despite the former, a spin off of The Practice, being a once-highlighted breakout series when it debuted in 2005. One of the network's strike-replacement programs during that time was the game show Duel, which premiered in December 2007. The program would become a minor success for the network during its initial six-episode run, which led ABC to renew Duel as a regular series starting in April 2008. However, Duel suffered from low viewership during its run as a regular series, and ABC canceled the program after sixteen episodes. On August 15, 2008, Disney denied rumors started by Caris & Co. that it would be selling the ten ABC owned-and-operated stations."", 'The Premier League is broadcast in the United States through NBC Sports. Premier League viewership has increased rapidly, with NBC and NBCSN averaging a record 479,000 viewers in the 2014–15 season, up 118% from 2012–13 when coverage still aired on Fox Soccer and ESPN/ESPN2 (220,000 viewers), and NBC Sports has been widely praised for its coverage. NBC Sports reached a six-year extension with the Premier League in 2015 to broadcast the league through the 2021–22 season in a deal valued at $1 billion (£640 million).', 'In May 2014, prior to the launch of YouTube\'s subscription-based Music Key service, the independent music trade organization Worldwide Independent Network alleged that YouTube was using non-negotiable contracts with independent labels that were ""undervalued"" in comparison to other streaming services, and that YouTube would block all music content from labels who do not reach a deal to be included on the paid service. In a statement to the Financial Times in June 2014, Robert Kyncl confirmed that YouTube would block the content of labels who do not negotiate deals to be included in the paid service ""to ensure that all content on the platform is governed by its new contractual terms."" Stating that 90% of labels had reached deals, he went on to say that ""while we wish that we had [a] 100% success rate, we understand that is not likely an achievable goal and therefore it is our responsibility to our users and the industry to launch the enhanced music experience."" The Financial Times later reported that YouTube had reached an aggregate deal with Merlin Network—a trade group representing over 20,000 independent labels, for their inclusion in the service. However, YouTube itself has not confirmed the deal.']","[0.3973414897918701, 0.373024046421051, 0.3645767569541931]",0.3973414897918701,0.6986707448959351,0.5617610141634941,,0.3973414897918701,0.12352202832698822,,0.6233703929930925,1.0,1.0,escalate
test,56bf1ae93aeaaa14008c951b,Which network broadcasted the 50th Super Bowl game? ,NBC Sports,NBC Sports,['NBC Sports'],['NBC Sports'],NBC Sports,"['CBS', 'CBS', 'CBS']",True,1.0,1.0,"['CBS broadcast Super Bowl 50 in the U.S., and charged an average of $5 million for a 30-second commercial during the game. The Super Bowl 50 halftime show was headlined by the British rock group Coldplay with special guest performers Beyoncé and Bruno Mars, who headlined the Super Bowl XLVII and Super Bowl XLVIII halftime shows, respectively. It was the third-most watched U.S. broadcast ever.', 'The Premier League is broadcast in the United States through NBC Sports. Premier League viewership has increased rapidly, with NBC and NBCSN averaging a record 479,000 viewers in the 2014–15 season, up 118% from 2012–13 when coverage still aired on Fox Soccer and ESPN/ESPN2 (220,000 viewers), and NBC Sports has been widely praised for its coverage. NBC Sports reached a six-year extension with the Premier League in 2015 to broadcast the league through the 2021–22 season in a deal valued at $1 billion (£640 million).', ""After a punt from both teams, Carolina got on track with a 9-play, 73-yard scoring drive. Newton completed 4 of 4 passes for 51 yards and rushed twice for 25 yards, while Jonathan Stewart finished the drive with a 1-yard touchdown run, cutting the score to 10–7 with 11:28 left in the second quarter. Later on, Broncos receiver Jordan Norwood received Brad Nortman's short 28-yard punt surrounded by Panthers players, but none of them attempted to make a tackle, apparently thinking Norwood had called a fair catch. Norwood had not done so, and with no resistance around him, he took off for a Super Bowl record 61-yard return before Mario Addison dragged him down on the Panthers 14-yard line. Despite Denver's excellent field position, they could not get the ball into the end zone, so McManus kicked a 33-yard field goal that increased their lead to 13–7.""]","[0.5943267345428467, 0.3582976758480072, 0.2794954180717468]",0.5943267345428467,0.7971633672714233,0.7650272250175476,,0.5943267345428467,0.5300544500350952,,0.7794884890317917,0.0,0.0,accept
test,57264d9edd62a815002e8100,Why was this short termed organization created?,to take into account the mechanisms by which the concept is crystallised as reality,to take into account the mechanisms by which the concept is crystallised as reality,['to take into account the mechanisms by which the concept is crystallised as reality'],['to take into account the mechanisms by which the concept is crystallised as reality'],to take into account the mechanisms by which the concept is crystallised as reality,"['coordinate the response to the embargo', 'to coordinate the response to the embargo', 'to coordinate the response to the embargo', 'to coordinate the response to the embargo', 'to coordinate the response to the embargo']",False,,0.0,"[""The Supervisory Board meets twice a month to discuss, plan and carry out the ECB’s supervisory tasks. It proposes draft decisions to the Governing Council under the non-objection procedure. It is composed of Chair (appointed for a non-renewable term of five years), Vice-Chair (chosen from among the members of the ECB's Executive Board) four ECB representatives and representatives of national supervisors. If the national supervisory authority designated by a Member State is not a national central bank (NCB), the representative of the competent authority can be accompanied by a representative from their NCB. In such cases, the representatives are together considered as one member for the purposes of the voting procedure."", ""These different explorations of 'identity' demonstrate how difficult a concept it is to pin down. Since identity is a virtual thing, it is impossible to define it empirically. Discussions of identity use the term with different meanings, from fundamental and abiding sameness, to fluidity, contingency, negotiated and so on. Brubaker and Cooper note a tendency in many scholars to confuse identity as a category of practice and as a category of analysis (Brubaker & Cooper 2000, p. 5). Indeed, many scholars demonstrate a tendency to follow their own preconceptions of identity, following more or less the frameworks listed above, rather than taking into account the mechanisms by which the concept is crystallised as reality. In this environment, some analysts, such as Brubaker and Cooper, have suggested doing away with the concept completely (Brubaker & Cooper 2000, p. 1). Others, by contrast, have sought to introduce alternative concepts in an attempt to capture the dynamic and fluid qualities of human social self-expression. Hall (1992, 1996), for example, suggests treating identity as a process, to take into account the reality of diverse and ever-changing social experience. Some scholars have introduced the idea of identification, whereby identity is perceived as made up of different components that are 'identified' and interpreted by individuals. The construction of an individual sense of self is achieved by personal choices regarding who and what to associate with. Such approaches are liberating in their recognition of the role of the individual in social interaction and the construction of identity."", '""Chopped"" units are referred to as forces. The top-level structure of these forces is the Air and Space Expeditionary Task Force (AETF). The AETF is the Air Force presentation of forces to a CCDR for the employment of Air Power. Each CCDR is supported by a standing Component Numbered Air Force (C-NAF) to provide planning and execution of aerospace forces in support of CCDR requirements. Each C-NAF consists of a Commander, Air Force Forces (COMAFFOR) and AFFOR/A-staff, and an Air Operations Center (AOC). As needed to support multiple Joint Force Commanders (JFC) in the COCOM\'s Area of Responsibility (AOR), the C-NAF may deploy Air Component Coordinate Elements (ACCE) to liaise with the JFC. If the Air Force possesses the preponderance of air forces in a JFC\'s area of operations, the COMAFFOR will also serve as the Joint Forces Air Component Commander (JFACC).']","[0.25273996591567993, 0.20791904628276825, 0.20437926054000854]",0.25273996591567993,0.62636998295784,0.6236952841281891,,0.25273996591567993,0.24739056825637817,,0.624898898601532,0.0,0.125,escalate
test,5725c41eec44d21400f3d50b,What does LGM stands for?,Linguistic Game Machine,Linguistic Game Machine,['Linguistic Game Machine'],['Linguistic Game Machine'],Linguistic Game Machine,"['Last Glacial Maximum', 'Last Glacial Maximum', 'Last Glacial Maximum']",False,,0.0,"['There is usually an indication for a specific identification of an infectious agent only when such identification can aid in the treatment or prevention of the disease, or to advance knowledge of the course of an illness prior to the development of effective therapeutic or preventative measures. For example, in the early 1980s, prior to the appearance of AZT for the treatment of AIDS, the course of the disease was closely followed by monitoring the composition of patient blood samples, even though the outcome would not offer the patient any further treatment options. In part, these studies on the appearance of HIV in specific communities permitted the advancement of hypotheses as to the route of transmission of the virus. By understanding how the disease was transmitted, resources could be targeted to the communities at greatest risk in campaigns aimed at reducing the number of new infections. The specific serological diagnostic identification, and later genotypic or molecular identification, of HIV also enabled the development of hypotheses as to the temporal and geographical origins of the virus, as well as a myriad of other hypothesis. The development of molecular diagnostic tools have enabled physicians and researchers to monitor the efficacy of treatment with anti-retroviral drugs. Molecular diagnostics are now commonly used to identify HIV in healthy people long before the onset of illness and have been used to demonstrate the existence of people who are genetically resistant to HIV infection. Thus, while there still is no cure for AIDS, there is great therapeutic and predictive benefit to identifying the virus and monitoring the virus levels within the blood of infected individuals, both for the patient and for the community at large.', 'Much of its technology and ideas were incorporated into the definition of ISO MPEG Audio Layer I and Layer II and the filter bank alone into Layer III (MP3) format as part of the computationally inefficient hybrid filter bank. Under the chairmanship of Professor Musmann (University of Hannover) the editing of the standard was made under the responsibilities of Leon van de Kerkhof (Layer I) and Gerhard Stoll (Layer II).', 'Music was a major part of everyday life.[citation needed] The word itself derives from Greek μουσική (mousike), ""(art) of the Muses"". Many private and public events were accompanied by music, ranging from nightly dining to military parades and manoeuvres. In a discussion of any ancient music, however, non-specialists and even many musicians have to be reminded that much of what makes our modern music familiar to us is the result of developments only within the last 1,000 years; thus, our ideas of melody, scales, harmony, and even the instruments we use may not have been familiar to Romans who made and listened to music many centuries earlier.[citation needed]']","[0.1950843334197998, 0.1888067126274109, 0.17638804018497467]",0.1950843334197998,0.5975421667098999,0.47818031162023544,,0.1950843334197998,-0.043639376759529114,,0.5318931464105845,0.0,0.0,escalate
test,56e20a3ae3433e140042324d,What is the paper written by Richard Karp in 1972 that ushered in a new era of understanding between intractability and NP-complete problems?,"""Reducibility Among Combinatorial Problems""",Reducibility Among Combinatorial Problems,"['""Reducibility Among Combinatorial Problems""']",['Reducibility Among Combinatorial Problems'],Reducibility Among Combinatorial Problems,"['""Reducibility Among Combinatorial Problems""', 'Reducibility Among Combinatorial Problems', '""Reducibility Among Combinatorial Problems""']",True,1.0,1.0,"['In 1967, Manuel Blum developed an axiomatic complexity theory based on his axioms and proved an important result, the so-called, speed-up theorem. The field really began to flourish in 1971 when the US researcher Stephen Cook and, working independently, Leonid Levin in the USSR, proved that there exist practically relevant problems that are NP-complete. In 1972, Richard Karp took this idea a leap forward with his landmark paper, ""Reducibility Among Combinatorial Problems"", in which he showed that 21 diverse combinatorial and graph theoretical problems, each infamous for its computational intractability, are NP-complete.', ""The ultimate substantive legacy of Principia Mathematica is mixed. It is generally accepted that Kurt Gödel's incompleteness theorem of 1931 definitively demonstrated that for any set of axioms and inference rules proposed to encapsulate mathematics, there would in fact be some truths of mathematics which could not be deduced from them, and hence that Principia Mathematica could never achieve its aims. However, Gödel could not have come to this conclusion without Whitehead and Russell's book. In this way, Principia Mathematica's legacy might be described as its key role in disproving the possibility of achieving its own stated goals. But beyond this somewhat ironic legacy, the book popularized modern mathematical logic and drew important connections between logic, epistemology, and metaphysics."", 'Private schooling in the United States has been debated by educators, lawmakers and parents, since the beginnings of compulsory education in Massachusetts in 1852. The Supreme Court precedent appears to favor educational choice, so long as states may set standards for educational accomplishment. Some of the most relevant Supreme Court case law on this is as follows: Runyon v. McCrary, 427 U.S. 160 (1976); Wisconsin v. Yoder, 406 U.S. 205 (1972); Pierce v. Society of Sisters, 268 U.S. 510 (1925); Meyer v. Nebraska, 262 U.S. 390 (1923).']","[0.665939211845398, 0.23781128227710724, 0.2238156795501709]",0.665939211845398,0.832969605922699,0.7477455735206604,,0.665939211845398,0.4954911470413208,,0.7860963881015778,1.0,1.0,accept
test,572f59b4a23a5019007fc58a,What Lake in a German island Mainau receives a fraction of the Rhine's flow?,Hagnau am Bodensee,Hagnau am Bodensee,['Hagnau am Bodensee'],['Hagnau am Bodensee'],Hagnau am Bodensee,"['Lake Überlingen', 'Lake Überlingen', 'Lake Überlingen']",True,1.0,1.0,"['The flow of cold, gray mountain water continues for some distance into the lake. The cold water flows near the surface and at first doesn\'t mix with the warmer, green waters of Upper Lake. But then, at the so-called Rheinbrech, the Rhine water abruptly falls into the depths because of the greater density of cold water. The flow reappears on the surface at the northern (German) shore of the lake, off the island of Lindau. The water then follows the northern shore until Hagnau am Bodensee. A small fraction of the flow is diverted off the island of Mainau into Lake Überlingen. Most of the water flows via the Constance hopper into the Rheinrinne (""Rhine Gutter"") and Seerhein. Depending on the water level, this flow of the Rhine water is clearly visible along the entire length of the lake.', 'The Allies offered peace terms in the Frankfurt proposals in November 1813. Napoleon would remain as Emperor of France, but it would be reduced to its ""natural frontiers."" That meant that France could retain control of Belgium, Savoy and the Rhineland (the west bank of the Rhine River), while giving up control of all the rest, including all of Spain and the Netherlands, and most of Italy and Germany. Metternich told Napoleon these were the best terms the Allies were likely to offer; after further victories, the terms would be harsher and harsher. Metternich\'s motivation was to maintain France as a balance against Russian threats, while ending the highly destabilizing series of wars.', ""The first Roman republican wars were wars of both expansion and defence, aimed at protecting Rome itself from neighbouring cities and nations and establishing its territory in the region. Initially, Rome's immediate neighbours were either Latin towns and villages, or else tribal Sabines from the Apennine hills beyond. One by one Rome defeated both the persistent Sabines and the local cities, both those under Etruscan control and those that had cast off their Etruscan rulers. Rome defeated Latin cities in the Battle of Lake Regillus in 496 BC, the Battle of Mons Algidus in 458 BC, the Battle of Corbione in 446 BC, the Battle of Aricia, and especially the Battle of the Cremera in 477 BC wherein it fought against the most important Etruscan city of Veii.""]","[0.7548953294754028, 0.33364805579185486, 0.2510033845901489]",0.7548953294754028,0.8774476647377014,0.5449319332838058,,0.7548953294754028,0.0898638665676117,,0.6945640124380589,0.0,0.0,flag
